Camera TTC,Lidar TTC
0,0
75.3759,12.9722
68.1231,12.264
14.2708,16.963
-11.3174,6.51271
11.0145,384.178
-inf,13.869
12.9008,14.026
73.1534,12.9569
10.5734,15.8894
-inf,9.85736
11.5855,14.9877
12.3397,10.1
