Camera TTC,Lidar TTC
0,0
12.6846,12.9722
10.2626,12.264
16.2864,16.963
17.0859,6.51271
19.0515,384.178
17.8261,13.869
-inf,14.026
12.6597,12.9569
13.512,15.8894
13.1455,9.85736
10.9112,14.9877
11.8781,10.1
14.4154,9.22307
11.293,10.9678
11.5367,8.09422
14.1072,8.81392
8.68926,10.2926
10.8447,8.30978
14.3373,7.64316
10.1917,5.45869
11.4276,6.8337
11.5476,6.80636
12.7484,8.43069
8.74225,6.70212
12.439,6.82999
13.2684,8.45277
